400,2022-03-06,16:30,Brighton,Newcastle,Away,L,1,2,10,4,20.6,5,0,0,53.1,2022-23
401,2022-03-07,20:00,Wolves,Norwich,Away,W,3,0,16,8,16.9,4,0,0,58.3,2022-23
402,2022-03-08,19:45,West Ham,Southampton,Away,W,3,1,17,8,16.8,3,1,1,55.4,2022-23
403,2022-03-09,19:45,Leeds,Tottenham,Away,L,0,4,7,2,24.2,4,0,0,37.2,2022-23
404,2022-08-06,12:30,Crystal Palace,Arsenal,Home,L,0,2,9,4,21.7,5,0,0,43.8,2022-23
405,2022-08-06,15:00,Fulham,Liverpool,Home,L,2,2,13,6,18.1,4,0,0,46.9,2022-23
406,2022-08-06,17:30,Bournemouth,Aston Villa,Home,L,0,2,8,3,22.4,6,0,0,42.1,2022-23
407,2022-08-07,14:00,Leeds,Wolves,Home,L,1,2,10,4,20.8,3,0,0,47.3,2022-23
408,2022-08-07,16:30,Newcastle,Nottm Forest,Home,W,2,0,14,7,17.6,4,0,0,55.7,2022-23
409,2022-08-07,16:30,Tottenham,Southampton,Home,W,4,1,18,9,16.2,2,1,1,61.3,2022-23
410,2022-08-07,16:30,Everton,Chelsea,Home,L,0,1,9,4,21.6,5,0,0,44.2,2022-23
411,2022-08-07,16:30,Manchester United,Brighton,Home,W,2,1,15,7,17.8,3,0,0,58.6,2022-23
412,2022-08-08,20:00,Leicester,Brentford,Home,L,2,2,14,7,17.9,4,0,0,51.2,2022-23
413,2022-08-09,19:45,West Ham,Manchester City,Home,L,0,2,7,2,24.1,6,0,0,35.4,2022-23
414,2022-08-13,12:30,Arsenal,Crystal Palace,Away,W,2,0,15,7,17.4,3,0,0,56.2,2022-23
415,2022-08-13,15:00,Liverpool,Fulham,Away,W,2,2,16,8,17.1,2,0,0,53.1,2022-23
416,2022-08-13,17:30,Aston Villa,Bournemouth,Away,W,2,0,14,7,17.7,4,0,0,57.9,2022-23
417,2022-08-14,14:00,Wolves,Leeds,Away,W,2,1,13,6,18.3,5,0,0,52.7,2022-23
418,2022-08-14,16:30,Nottm Forest,Newcastle,Away,L,0,2,8,3,22.9,6,0,0,44.3,2022-23
419,2022-08-14,16:30,Southampton,Tottenham,Away,L,1,4,9,4,21.8,3,0,0,38.7,2022-23
420,2022-08-14,16:30,Chelsea,Everton,Away,W,1,0,12,6,18.9,4,0,0,55.8,2022-23
421,2022-08-14,16:30,Brighton,Manchester United,Away,L,1,2,10,4,20.7,5,0,0,41.4,2022-23
422,2022-08-15,20:00,Brentford,Leicester,Away,W,2,2,13,6,18.2,3,0,0,48.8,2022-23
423,2022-08-16,19:45,Manchester City,West Ham,Away,W,2,0,17,8,16.9,2,0,0,64.6,2022-23
424,2022-08-20,12:30,Chelsea,Tottenham,Home,W,2,2,15,7,17.6,4,0,0,56.8,2022-23
425,2022-08-20,15:00,Manchester United,Liverpool,Home,L,1,2,11,5,20.1,5,0,0,46.3,2022-23
426,2022-08-20,17:30,Arsenal,Bournemouth,Home,W,3,0,17,8,16.8,3,1,1,62.4,2022-23
427,2022-08-21,14:00,Brighton,Newcastle,Home,L,0,0,10,4,20.2,6,0,0,48.7,2022-23
428,2022-08-21,16:30,Crystal Palace,Aston Villa,Home,W,3,1,16,8,17.0,5,0,0,54.2,2022-23
429,2022-08-21,16:30,Everton,Nottm Forest,Home,W,1,1,12,6,18.8,4,0,0,53.6,2022-23
430,2022-08-21,16:30,Leeds,Southampton,Home,L,0,3,8,3,23.1,3,0,0,41.9,2022-23
431,2022-08-21,16:30,Leicester,Wolves,Home,L,0,1,9,4,21.4,5,0,0,45.8,2022-23
432,2022-08-22,20:00,Fulham,Brentford,Home,W,3,2,16,8,16.9,4,0,0,52.7,2022-23
433,2022-08-23,19:45,West Ham,Tottenham,Home,L,1,1,10,4,20.6,6,0,0,47.2,2022-23
434,2022-08-27,12:30,Manchester City,Crystal Palace,Home,W,4,2,19,10,16.1,2,1,1,71.3,2022-23
435,2022-08-27,15:00,Newcastle,Manchester City,Home,L,3,3,15,7,17.8,4,0,0,43.2,2022-23
436,2022-08-27,17:30,Bournemouth,Arsenal,Away,L,0,3,7,2,24.6,5,0,0,37.6,2022-23
437,2022-08-28,14:00,Tottenham,Chelsea,Away,L,2,2,13,6,18.4,3,0,0,43.2,2022-23
438,2022-08-28,16:30,Liverpool,Manchester United,Away,W,2,1,16,8,17.2,2,0,0,53.7,2022-23
439,2022-08-28,16:30,Newcastle,Brighton,Away,W,0,0,11,5,19.6,5,0,0,51.3,2022-23
440,2022-08-28,16:30,Aston Villa,Crystal Palace,Away,L,1,3,9,4,21.7,4,0,0,45.8,2022-23
441,2022-08-28,16:30,Nottm Forest,Everton,Away,L,1,1,10,4,20.8,6,0,0,46.4,2022-23
442,2022-08-28,16:30,Southampton,Leeds,Away,W,3,0,16,8,16.7,3,0,0,58.1,2022-23
443,2022-08-29,20:00,Wolves,Leicester,Away,W,1,0,12,6,18.9,5,0,0,54.2,2022-23
444,2022-08-30,19:45,Brentford,Fulham,Away,L,2,3,11,5,19.8,4,0,0,47.3,2022-23
445,2022-08-31,19:45,Tottenham,West Ham,Away,L,1,1,12,5,19.7,3,0,0,52.8,2022-23
446,2022-09-03,12:30,Arsenal,Aston Villa,Home,W,2,1,15,7,17.5,4,0,0,59.3,2022-23
447,2022-09-03,15:00,Chelsea,West Ham,Home,W,2,1,16,8,17.1,3,0,0,63.7,2022-23
448,2022-09-03,17:30,Liverpool,Newcastle,Home,W,2,1,17,8,16.9,2,0,0,65.8,2022-23
449,2022-09-04,14:00,Brighton,Leicester,Home,W,5,2,19,10,15.8,4,1,1,58.9,2022-23
450,2022-09-04,16:30,Crystal Palace,Brentford,Home,D,1,1,11,5,19.4,5,0,0,50.6,2022-23
451,2022-09-04,16:30,Fulham,Tottenham,Home,L,1,2,10,4,20.9,4,0,0,46.1,2022-23
452,2022-09-04,16:30,Leeds,Everton,Home,L,1,1,12,5,19.2,3,0,0,48.8,2022-23
453,2022-09-04,16:30,Manchester City,Nottm Forest,Home,W,6,0,22,12,14.9,2,2,2,76.4,2022-23
454,2022-09-05,20:00,Southampton,Manchester United,Home,L,0,1,8,3,22.7,5,0,0,43.1,2022-23
455,2022-09-06,19:45,Wolves,Bournemouth,Home,W,1,0,13,6,18.6,4,0,0,55.2,2022-23
456,2022-09-10,12:30,Aston Villa,Arsenal,Away,L,1,2,9,4,21.3,6,0,0,40.7,2022-23
457,2022-09-10,15:00,West Ham,Chelsea,Away,L,1,2,10,4,20.7,4,0,0,36.3,2022-23
458,2022-09-10,17:30,Newcastle,Liverpool,Away,L,1,2,8,3,23.1,5,0,0,34.2,2022-23
459,2022-09-11,14:00,Leicester,Brighton,Away,L,2,5,12,5,19.1,3,0,0,41.1,2022-23
460,2022-09-11,16:30,Brentford,Crystal Palace,Away,D,1,1,12,5,19.6,4,0,0,49.4,2022-23
461,2022-09-11,16:30,Tottenham,Fulham,Away,W,2,1,15,7,17.8,2,0,0,53.9,2022-23
462,2022-09-11,16:30,Everton,Leeds,Away,D,1,1,11,5,19.7,5,0,0,51.2,2022-23
463,2022-09-11,16:30,Nottm Forest,Manchester City,Away,L,0,6,6,2,26.4,7,0,0,23.6,2022-23
464,2022-09-12,20:00,Manchester United,Southampton,Away,W,1,0,13,6,18.5,4,0,0,56.9,2022-23
465,2022-09-13,19:45,Bournemouth,Wolves,Away,L,0,1,8,3,22.8,6,0,0,44.8,2022-23
466,2022-10-01,12:30,Arsenal,Tottenham,Home,W,3,1,17,8,16.7,4,1,1,61.2,2022-23
467,2022-10-01,15:00,Brighton,Liverpool,Home,L,2,3,13,6,18.3,5,0,0,45.8,2022-23
468,2022-10-01,17:30,Chelsea,Crystal Palace,Home,W,2,1,15,7,17.6,3,0,0,62.4,2022-23
469,2022-10-02,14:00,Everton,Manchester United,Home,L,1,2,10,4,20.4,6,0,0,46.7,2022-23
470,2022-10-02,16:30,Leeds,Aston Villa,Home,L,0,0,9,4,21.5,4,0,0,48.2,2022-23
471,2022-10-02,16:30,Leicester,Nottm Forest,Home,W,4,0,18,9,16.1,2,1,1,63.8,2022-23
472,2022-10-02,16:30,Manchester City,Manchester United,Home,W,6,3,21,11,15.4,3,2,2,68.7,2022-23
473,2022-10-02,16:30,Southampton,West Ham,Home,D,1,1,11,5,19.6,5,0,0,49.3,2022-23
474,2022-10-03,20:00,Wolves,Newcastle,Home,D,1,1,12,5,19.1,4,0,0,50.8,2022-23
475,2022-10-04,19:45,Fulham,Bournemouth,Home,W,3,0,16,8,16.9,3,0,0,57.6,2022-23
476,2022-10-08,12:30,Tottenham,Arsenal,Away,L,1,3,9,4,21.8,3,0,0,38.8,2022-23
477,2022-10-08,15:00,Liverpool,Brighton,Away,W,3,2,18,9,16.4,2,0,0,54.2,2022-23
478,2022-10-08,17:30,Crystal Palace,Chelsea,Away,L,1,2,10,4,20.6,4,0,0,37.6,2022-23
479,2022-10-09,14:00,Manchester United,Everton,Away,L,2,1,14,7,17.9,5,0,0,53.3,2022-23
480,2022-10-09,16:30,Aston Villa,Leeds,Away,W,0,0,11,5,19.8,6,0,0,51.8,2022-23
481,2022-10-09,16:30,Nottm Forest,Leicester,Away,L,0,4,7,2,24.2,4,0,0,36.2,2022-23
482,2022-10-09,16:30,Manchester United,Manchester City,Away,L,3,6,15,7,18.1,4,0,0,31.3,2022-23
483,2022-10-09,16:30,West Ham,Southampton,Away,D,1,1,12,5,19.4,3,0,0,50.7,2022-23
484,2022-10-10,20:00,Newcastle,Wolves,Away,D,1,1,11,5,19.9,5,0,0,49.2,2022-23
485,2022-10-11,19:45,Bournemouth,Fulham,Away,L,0,3,8,3,23.1,6,0,0,42.4,2022-23
486,2023-01-14,12:30,Arsenal,Manchester United,Home,W,3,2,17,8,16.8,4,1,1,60.7,2022-23
487,2023-01-14,15:00,Chelsea,Crystal Palace,Home,W,1,0,13,6,18.5,3,0,0,61.2,2022-23
488,2023-01-14,17:30,Liverpool,Brighton,Home,W,3,0,18,9,16.3,2,0,0,67.4,2022-23
489,2023-01-15,14:00,Manchester City,Everton,Home,W,1,1,15,7,17.7,4,0,0,69.8,2022-23
490,2023-01-15,16:30,Newcastle,Fulham,Home,W,1,0,12,6,18.9,5,0,0,54.3,2022-23
491,2023-01-15,16:30,Tottenham,Aston Villa,Home,W,4,0,19,10,15.9,2,1,1,63.7,2022-23
492,2023-01-15,16:30,West Ham,Wolves,Home,W,1,0,13,6,18.4,4,0,0,55.8,2022-23
493,2023-01-16,20:00,Bournemouth,Nottm Forest,Home,W,2,1,14,7,17.6,3,0,0,53.9,2022-23
494,2023-01-17,19:45,Brentford,Southampton,Home,W,3,0,16,8,16.7,4,1,1,58.2,2022-23
495,2023-01-18,19:45,Leeds,Leicester,Home,L,0,1,9,4,21.6,3,0,0,46.4,2022-23
496,2023-01-21,12:30,Manchester United,Arsenal,Away,L,2,3,13,6,18.7,5,0,0,39.3,2022-23
497,2023-01-21,15:00,Crystal Palace,Chelsea,Away,L,0,1,8,3,22.4,4,0,0,38.8,2022-23
498,2023-01-21,17:30,Brighton,Liverpool,Away,L,0,3,7,2,24.7,6,0,0,32.6,2022-23
499,2023-01-22,14:00,Everton,Manchester City,Away,L,1,1,9,4,21.2,5,0,0,30.2,2022-23
500,2023-01-22,16:30,Fulham,Newcastle,Away,L,0,1,8,3,23.0,4,0,0,45.7,2022-23
200,2021-08-28,17:30,Manchester United,Southampton,Home,W,1,1,12,6,18.9,5,0,0,56.8,2021-22
201,2021-08-29,14:00,Brighton,Everton,Home,W,2,0,14,7,17.6,3,0,0,55.9,2021-22
202,2021-08-29,16:30,Leicester,Norwich,Home,W,2,1,15,7,17.9,2,0,0,59.4,2021-22
203,2021-08-29,16:30,Watford,Tottenham,Home,L,0,1,9,4,21.7,6,0,0,44.3,2021-22
204,2021-08-29,16:30,Wolves,Brentford,Home,W,2,0,13,6,18.3,4,0,0,54.6,2021-22
205,2021-08-29,16:30,West Ham,Crystal Palace,Home,W,2,1,14,7,17.8,5,0,0,56.2,2021-22
206,2021-08-30,20:00,Burnley,Leeds,Home,D,1,1,10,4,20.1,4,0,0,49.3,2021-22
207,2021-08-31,19:45,Newcastle,Aston Villa,Home,L,0,2,8,3,22.6,6,0,0,43.7,2021-22
208,2021-09-01,19:45,Manchester City,Arsenal,Away,W,5,0,21,11,15.6,2,1,1,71.1,2021-22
209,2021-09-02,19:45,Liverpool,Chelsea,Away,D,1,1,15,7,18.2,3,0,0,47.3,2021-22
210,2021-09-03,19:45,Southampton,Manchester United,Away,D,1,1,11,5,19.4,4,0,0,43.2,2021-22
211,2021-09-04,12:30,Everton,Brighton,Away,L,0,2,7,2,24.1,5,0,0,44.1,2021-22
212,2021-09-04,15:00,Norwich,Leicester,Away,L,1,2,9,4,21.0,3,0,0,40.6,2021-22
213,2021-09-04,17:30,Tottenham,Watford,Away,W,1,0,12,6,18.6,2,0,0,55.7,2021-22
214,2021-09-05,16:30,Brentford,Wolves,Away,L,0,2,8,3,22.4,5,0,0,45.4,2021-22
215,2021-09-05,16:30,Crystal Palace,West Ham,Away,L,1,2,10,4,20.3,4,0,0,43.8,2021-22
216,2021-09-06,20:00,Leeds,Burnley,Away,D,1,1,11,5,19.7,6,0,0,50.7,2021-22
217,2021-09-07,19:45,Aston Villa,Newcastle,Away,W,2,0,14,7,17.5,3,0,0,56.3,2021-22
218,2021-09-11,12:30,Manchester United,Newcastle,Home,W,4,1,18,9,16.4,4,1,1,61.8,2021-22
219,2021-09-11,15:00,Norwich,Watford,Home,D,1,1,10,4,20.2,5,0,0,47.6,2021-22
220,2021-09-11,17:30,Arsenal,Norwich,Home,W,1,0,13,6,18.7,3,0,0,58.4,2021-22
221,2021-09-12,14:00,Brentford,Liverpool,Home,L,3,3,16,8,17.1,4,0,0,43.2,2021-22
222,2021-09-12,16:30,Brighton,Leicester,Home,D,2,1,13,6,18.5,5,0,0,52.1,2021-22
223,2021-09-12,16:30,Chelsea,Aston Villa,Home,W,3,0,17,8,16.9,2,0,0,67.3,2021-22
224,2021-09-12,16:30,Manchester City,Southampton,Home,W,0,0,14,7,18.2,4,0,0,71.8,2021-22
225,2021-09-12,16:30,West Ham,Leeds,Home,W,2,1,14,7,17.7,3,0,0,55.6,2021-22
226,2021-09-13,20:00,Everton,Burnley,Home,W,3,1,16,8,17.3,5,1,1,58.2,2021-22
227,2021-09-14,19:45,Crystal Palace,Tottenham,Home,L,0,3,8,3,22.9,4,0,0,39.7,2021-22
228,2021-09-15,19:45,Wolves,Watford,Home,W,2,0,13,6,18.4,4,0,0,54.3,2021-22
229,2021-09-16,19:45,Newcastle,Manchester United,Away,L,1,4,7,2,24.2,6,0,0,38.2,2021-22
230,2021-09-17,19:45,Watford,Norwich,Away,D,1,1,11,5,19.8,3,0,0,52.4,2021-22
231,2021-09-18,12:30,Norwich,Arsenal,Away,L,0,1,8,3,23.3,5,0,0,41.6,2021-22
232,2021-09-18,15:00,Liverpool,Brentford,Away,W,3,3,19,10,16.6,2,0,0,56.8,2021-22
233,2021-09-18,17:30,Leicester,Brighton,Away,L,1,2,12,5,19.4,4,0,0,47.9,2021-22
234,2021-09-19,16:30,Aston Villa,Chelsea,Away,L,0,3,7,2,24.7,6,0,0,32.7,2021-22
235,2021-09-19,16:30,Southampton,Manchester City,Away,L,0,0,6,2,25.8,7,0,0,28.2,2021-22
236,2021-09-19,16:30,Leeds,West Ham,Away,L,1,2,9,4,21.3,4,0,0,44.4,2021-22
237,2021-09-20,20:00,Burnley,Everton,Away,L,1,3,8,3,22.1,3,0,0,41.8,2021-22
238,2021-09-21,19:45,Tottenham,Crystal Palace,Away,W,3,0,16,8,17.0,2,0,0,60.3,2021-22
239,2021-09-22,19:45,Watford,Wolves,Away,L,0,2,9,4,21.7,5,0,0,45.7,2021-22
240,2021-09-25,12:30,Chelsea,Manchester City,Home,L,0,1,11,5,20.1,5,0,0,48.6,2021-22
241,2021-09-25,15:00,Everton,Norwich,Home,W,2,0,14,7,17.8,3,0,0,57.4,2021-22
242,2021-09-25,17:30,Arsenal,Tottenham,Home,W,3,1,17,8,16.8,4,0,0,59.8,2021-22
243,2021-09-26,14:00,Brighton,Swansea,Home,W,2,0,13,6,18.3,5,0,0,54.7,2021-22
244,2021-09-26,16:30,Leicester,Burnley,Home,W,2,2,15,7,17.9,2,0,0,58.1,2021-22
245,2021-09-26,16:30,Liverpool,Brentford,Home,W,3,0,18,9,16.7,3,0,0,66.2,2021-22
246,2021-09-26,16:30,Manchester United,Villarreal,Home,W,2,1,15,7,17.6,4,0,0,57.9,2021-22
247,2021-09-26,16:30,Southampton,Wolves,Home,W,1,0,12,6,18.8,5,0,0,53.6,2021-22
248,2021-09-27,20:00,West Ham,Leeds,Home,W,2,0,14,7,17.5,3,0,0,56.4,2021-22
249,2021-09-28,19:45,Crystal Palace,Brighton,Home,D,1,1,10,4,20.0,4,0,0,48.3,2021-22
250,2021-10-02,12:30,Manchester City,Liverpool,Home,D,2,2,16,8,17.4,3,0,0,58.7,2021-22
251,2021-10-02,15:00,Arsenal,Brighton,Home,W,4,0,18,9,16.5,2,1,1,64.3,2021-22
252,2021-10-02,17:30,Chelsea,Southampton,Home,W,3,1,17,8,16.9,4,0,0,65.8,2021-22
253,2021-10-03,14:00,Burnley,Norwich,Home,W,0,0,11,5,19.6,6,0,0,51.4,2021-22
254,2021-10-03,16:30,Everton,Manchester United,Home,D,1,1,12,5,19.2,5,0,0,49.8,2021-22
255,2021-10-03,16:30,Leeds,Watford,Home,W,1,0,13,6,18.6,3,0,0,55.2,2021-22
256,2021-10-03,16:30,Leicester,Crystal Palace,Home,W,2,2,15,7,17.8,2,0,0,57.6,2021-22
257,2021-10-03,16:30,Newcastle,Tottenham,Home,L,2,3,13,6,18.1,4,0,0,46.9,2021-22
258,2021-10-04,20:00,Wolves,Aston Villa,Home,W,2,1,14,7,17.7,5,0,0,54.8,2021-22
259,2021-10-05,19:45,Brentford,West Ham,Home,L,1,2,10,4,20.6,4,0,0,46.7,2021-22
260,2021-10-16,12:30,Liverpool,Manchester City,Away,L,2,2,15,7,18.0,2,0,0,41.3,2021-22
261,2021-10-16,15:00,Brighton,Arsenal,Away,L,0,4,8,3,23.5,6,0,0,35.7,2021-22
262,2021-10-16,17:30,Southampton,Chelsea,Away,L,1,3,9,4,21.2,3,0,0,34.2,2021-22
263,2021-10-17,14:00,Norwich,Burnley,Away,W,0,0,10,4,20.4,5,0,0,48.6,2021-22
264,2021-10-17,16:30,Manchester United,Everton,Away,D,1,1,13,6,18.7,4,0,0,50.2,2021-22
265,2021-10-17,16:30,Watford,Leeds,Away,L,0,1,8,3,22.4,6,0,0,44.8,2021-22
266,2021-10-17,16:30,Crystal Palace,Leicester,Away,L,2,2,11,5,19.8,3,0,0,42.4,2021-22
267,2021-10-17,16:30,Tottenham,Newcastle,Away,W,3,2,16,8,17.3,2,0,0,53.1,2021-22
268,2021-10-18,20:00,Aston Villa,Wolves,Away,L,1,2,10,4,20.9,4,0,0,45.2,2021-22
269,2021-10-19,19:45,West Ham,Brentford,Away,W,2,1,14,7,17.6,3,0,0,53.3,2021-22
270,2021-10-23,12:30,Manchester United,Liverpool,Home,L,0,5,7,2,24.8,6,0,0,32.4,2021-22
271,2021-10-23,15:00,Arsenal,Aston Villa,Home,W,3,1,17,8,16.8,4,0,0,61.7,2021-22
272,2021-10-23,17:30,Chelsea,Norwich,Home,W,7,0,22,12,15.1,2,2,2,73.9,2021-22
273,2021-10-24,14:00,Brighton,Manchester City,Home,L,1,4,9,4,21.3,5,0,0,38.2,2021-22
274,2021-10-24,16:30,Burnley,Brentford,Home,W,3,1,15,7,17.4,4,1,1,56.8,2021-22
275,2021-10-24,16:30,Leeds,Wolves,Home,D,1,1,11,5,19.7,3,0,0,50.6,2021-22
276,2021-10-24,16:30,Leicester,Everton,Home,W,2,1,14,7,17.9,2,0,0,57.3,2021-22
277,2021-10-24,16:30,Newcastle,Crystal Palace,Home,D,1,1,10,4,20.2,6,0,0,48.7,2021-22
278,2021-10-25,20:00,Southampton,Watford,Home,W,1,0,12,6,18.8,5,0,0,54.2,2021-22
279,2021-10-26,19:45,Tottenham,West Ham,Home,L,0,1,11,5,20.1,3,0,0,47.9,2021-22
280,2021-10-30,12:30,Liverpool,Manchester United,Away,W,5,0,20,10,16.2,2,1,1,67.6,2021-22
281,2021-10-30,15:00,Aston Villa,Arsenal,Away,L,1,3,9,4,21.7,5,0,0,38.3,2021-22
282,2021-10-30,17:30,Norwich,Chelsea,Away,L,0,7,6,2,26.1,4,0,0,26.1,2021-22
283,2021-10-31,14:00,Manchester City,Brighton,Away,W,4,1,19,10,16.7,3,0,0,61.8,2021-22
284,2021-10-31,16:30,Brentford,Burnley,Away,L,1,3,10,4,20.8,6,0,0,43.2,2021-22
285,2021-10-31,16:30,Wolves,Leeds,Away,D,1,1,12,5,19.4,4,0,0,49.4,2021-22
286,2021-10-31,16:30,Everton,Leicester,Away,L,1,2,9,4,21.0,5,0,0,42.7,2021-22
287,2021-10-31,16:30,Crystal Palace,Newcastle,Away,D,1,1,11,5,19.8,3,0,0,51.3,2021-22
288,2021-11-01,20:00,Watford,Southampton,Away,L,0,1,8,3,22.2,4,0,0,45.8,2021-22
289,2021-11-02,19:45,West Ham,Tottenham,Away,W,1,0,13,6,18.5,5,0,0,52.1,2021-22
290,2021-11-06,12:30,Arsenal,Watford,Home,W,1,0,13,6,18.7,3,0,0,58.6,2021-22
291,2021-11-06,15:00,Burnley,Crystal Palace,Home,D,3,3,15,7,17.6,4,0,0,52.4,2021-22
292,2021-11-06,17:30,Liverpool,Brighton,Home,W,2,2,16,8,17.3,2,0,0,64.8,2021-22
293,2021-11-07,14:00,Manchester United,Manchester City,Home,L,0,2,9,4,21.6,5,0,0,43.7,2021-22
294,2021-11-07,16:30,Newcastle,Brentford,Home,W,3,3,16,8,17.1,4,1,1,53.9,2021-22
295,2021-11-07,16:30,Norwich,Leeds,Home,L,1,2,10,4,20.5,6,0,0,46.3,2021-22
296,2021-11-07,16:30,Southampton,Aston Villa,Home,D,1,1,12,5,19.3,5,0,0,51.7,2021-22
297,2021-11-07,16:30,Tottenham,Everton,Home,L,0,1,11,5,20.4,3,0,0,48.6,2021-22
298,2021-11-08,20:00,West Ham,Liverpool,Home,L,3,2,15,7,17.8,4,0,0,45.3,2021-22
299,2021-11-09,19:45,Chelsea,Burnley,Home,W,1,1,14,7,18.1,3,0,0,62.4,2021-22
300,2021-11-20,12:30,Norwich,Southampton,Home,D,2,1,13,6,18.4,5,0,0,48.9,2021-22
301,2021-11-20,15:00,Arsenal,Liverpool,Home,L,0,4,8,3,23.1,4,0,0,36.2,2021-22
302,2021-11-20,17:30,Aston Villa,Brighton,Home,W,2,0,14,7,17.7,3,0,0,56.8,2021-22
303,2021-11-21,14:00,Brentford,Everton,Home,D,1,1,11,5,19.6,6,0,0,49.4,2021-22
304,2021-11-21,16:30,Crystal Palace,Burnley,Away,L,3,3,12,5,18.9,4,0,0,47.6,2021-22
305,2021-11-21,16:30,Leeds,Tottenham,Home,L,1,2,10,4,20.7,3,0,0,45.8,2021-22
306,2021-11-21,16:30,Leicester,Chelsea,Home,L,0,3,9,4,21.8,5,0,0,41.2,2021-22
307,2021-11-21,16:30,Manchester City,Everton,Home,W,3,0,18,9,16.6,2,1,1,71.4,2021-22
308,2021-11-22,20:00,Watford,Manchester United,Home,L,1,4,8,3,22.9,6,0,0,37.6,2021-22
309,2021-11-23,19:45,Wolves,West Ham,Home,D,1,1,12,5,19.2,4,0,0,51.8,2021-22
310,2021-11-27,12:30,Liverpool,Arsenal,Away,W,4,0,19,10,16.3,2,0,0,63.8,2021-22
311,2021-11-27,15:00,Brighton,Aston Villa,Away,L,0,2,8,3,22.3,5,0,0,43.2,2021-22
312,2021-11-27,17:30,Everton,Brentford,Away,D,1,1,12,5,19.4,3,0,0,50.6,2021-22
313,2021-11-28,14:00,Burnley,Crystal Palace,Home,W,3,3,16,8,17.0,4,0,0,52.4,2021-22
314,2021-11-28,16:30,Tottenham,Leeds,Away,W,2,1,15,7,17.8,2,0,0,54.2,2021-22
315,2021-11-28,16:30,Chelsea,Leicester,Away,W,3,0,17,8,16.9,3,0,0,58.8,2021-22
316,2021-11-28,16:30,Everton,Manchester City,Home,L,0,3,7,2,24.4,6,0,0,28.6,2021-22
317,2021-11-28,16:30,Manchester United,Watford,Away,W,4,1,18,9,16.4,5,1,1,62.4,2021-22
318,2021-11-29,20:00,West Ham,Wolves,Away,D,1,1,11,5,19.7,4,0,0,48.2,2021-22
319,2021-11-30,19:45,Southampton,Norwich,Away,D,1,2,10,4,20.3,3,0,0,51.1,2021-22
320,2021-12-01,19:45,Watford,Arsenal,Away,L,0,1,9,4,21.3,5,0,0,41.4,2021-22
321,2021-12-04,12:30,West Ham,Chelsea,Home,L,1,3,10,4,20.8,4,0,0,42.6,2021-22
322,2021-12-04,15:00,Leicester,Watford,Home,W,4,2,17,8,16.9,3,1,1,61.7,2021-22
323,2021-12-04,17:30,Manchester City,Wolves,Home,W,1,0,15,7,17.4,2,0,0,69.8,2021-22
324,2021-12-05,14:00,Arsenal,Manchester United,Home,L,2,3,14,7,18.1,4,0,0,52.3,2021-22
325,2021-12-05,16:30,Crystal Palace,Everton,Home,W,3,1,16,8,17.2,5,0,0,54.8,2021-22
326,2021-12-05,16:30,Liverpool,Wolves,Home,W,1,0,14,7,18.0,3,0,0,63.2,2021-22
327,2021-12-05,16:30,Norwich,Aston Villa,Home,L,0,2,8,3,22.7,6,0,0,41.9,2021-22
328,2021-12-05,16:30,Brighton,Tottenham,Home,L,0,1,9,4,21.4,5,0,0,46.8,2021-22
329,2021-12-06,20:00,Burnley,Newcastle,Home,W,1,0,11,5,19.8,4,0,0,52.6,2021-22
330,2021-12-07,19:45,Brentford,Leeds,Home,W,2,2,14,7,17.6,3,0,0,51.4,2021-22
331,2022-01-01,12:30,Arsenal,Manchester City,Home,L,1,2,12,5,19.6,5,0,0,45.8,2022-23
332,2022-01-01,15:00,Chelsea,Liverpool,Home,W,2,2,15,7,17.8,3,0,0,53.2,2022-23
333,2022-01-01,17:30,Crystal Palace,West Ham,Home,D,2,3,13,6,18.3,4,0,0,48.7,2022-23
334,2022-01-02,14:00,Brighton,Everton,Home,W,3,2,16,8,17.1,5,1,1,57.4,2022-23
335,2022-01-02,16:30,Burnley,Leeds,Home,D,0,1,9,4,21.2,6,0,0,47.8,2022-23
336,2022-01-02,16:30,Newcastle,Manchester United,Home,L,1,1,10,4,20.4,4,0,0,44.6,2022-23
337,2022-01-02,16:30,Norwich,Leicester,Home,L,1,2,11,5,19.7,3,0,0,46.3,2022-23
338,2022-01-02,16:30,Southampton,Tottenham,Home,L,1,3,9,4,21.6,5,0,0,42.4,2022-23
339,2022-01-03,20:00,Watford,Wolves,Home,L,0,1,8,3,22.5,4,0,0,45.2,2022-23
340,2022-01-04,19:45,Aston Villa,Brentford,Home,W,2,1,14,7,17.9,6,0,0,54.6,2022-23
341,2022-01-15,12:30,Manchester City,Arsenal,Away,W,2,1,16,8,17.2,2,0,0,54.2,2022-23
342,2022-01-15,15:00,Liverpool,Chelsea,Away,L,2,2,14,7,18.0,3,0,0,46.8,2022-23
343,2022-01-15,17:30,West Ham,Crystal Palace,Away,W,3,2,17,8,16.7,4,1,1,51.3,2022-23
344,2022-01-16,14:00,Everton,Brighton,Away,L,2,3,12,5,19.1,4,0,0,42.6,2022-23
345,2022-01-16,16:30,Leeds,Burnley,Away,W,1,0,13,6,18.6,3,0,0,52.2,2022-23
346,2022-01-16,16:30,Manchester United,Newcastle,Away,D,1,1,13,6,18.7,5,0,0,55.4,2022-23
347,2022-01-16,16:30,Leicester,Norwich,Away,W,2,1,15,7,17.8,2,0,0,53.7,2022-23
348,2022-01-16,16:30,Tottenham,Southampton,Away,W,3,1,16,8,17.0,4,0,0,57.6,2022-23
349,2022-01-17,20:00,Wolves,Watford,Away,W,1,0,12,6,18.9,5,0,0,54.8,2022-23
350,2022-01-18,19:45,Brentford,Aston Villa,Away,L,1,2,10,4,20.6,3,0,0,45.4,2022-23
351,2022-01-22,12:30,Norwich,Everton,Home,L,2,1,13,6,18.2,5,0,0,47.9,2022-23
352,2022-01-22,15:00,Wolves,Leicester,Home,W,2,1,14,7,17.6,4,0,0,53.8,2022-23
353,2022-01-22,17:30,Liverpool,Crystal Palace,Home,W,3,1,18,9,16.4,2,0,0,66.7,2022-23
354,2022-01-23,14:00,Arsenal,Newcastle,Home,W,2,0,15,7,17.7,3,0,0,59.8,2022-23
355,2022-01-23,16:30,Burnley,Watford,Home,W,0,0,10,4,20.1,6,0,0,50.2,2022-23
356,2022-01-23,16:30,Chelsea,Tottenham,Home,W,2,0,16,8,17.3,4,0,0,63.1,2022-23
357,2022-01-23,16:30,Manchester City,Southampton,Home,W,4,0,19,10,16.1,2,1,1,72.6,2022-23
358,2022-01-23,16:30,Manchester United,West Ham,Home,W,1,0,13,6,18.5,5,0,0,57.3,2022-23
359,2022-01-24,20:00,Brighton,Leeds,Home,W,0,0,11,5,19.4,3,0,0,53.7,2022-23
361,2022-02-08,19:45,Burnley,Liverpool,Home,L,0,1,8,3,23.4,7,0,0,41.2,2022-23
362,2022-02-09,19:45,Leeds,Aston Villa,Away,L,3,3,14,7,17.9,3,0,0,47.2,2022-23
363,2022-02-12,12:30,Burnley,Arsenal,Home,L,0,1,9,4,21.6,6,0,0,44.8,2022-23
364,2022-02-12,15:00,Southampton,Everton,Home,W,2,0,14,7,17.8,4,0,0,56.2,2022-23
365,2022-02-12,17:30,Brighton,Brentford,Home,L,0,2,10,4,20.3,5,0,0,47.4,2022-23
366,2022-02-13,14:00,Newcastle,Aston Villa,Home,W,1,0,12,6,18.7,3,0,0,54.3,2022-23
367,2022-02-13,16:30,Crystal Palace,Chelsea,Home,L,0,1,8,3,22.9,4,0,0,41.7,2022-23
368,2022-02-13,16:30,Norwich,Manchester City,Home,L,0,4,6,2,25.8,5,0,0,28.4,2022-23
369,2022-02-13,16:30,Watford,Leicester,Home,L,0,4,7,2,24.2,6,0,0,36.7,2022-23
370,2022-02-13,16:30,West Ham,Newcastle,Home,W,1,1,13,6,18.4,4,0,0,52.6,2022-23
371,2022-02-14,20:00,Wolves,Tottenham,Home,L,0,2,9,4,21.7,5,0,0,46.3,2022-23
372,2022-02-15,19:45,Leeds,Manchester United,Home,L,2,4,12,5,19.3,3,0,0,43.8,2022-23
373,2022-02-19,12:30,Arsenal,Burnley,Away,W,1,0,14,7,17.9,2,0,0,55.2,2022-23
374,2022-02-19,15:00,Everton,Southampton,Away,L,0,2,8,3,22.6,5,0,0,43.8,2022-23
375,2022-02-19,17:30,Brentford,Brighton,Away,W,2,0,13,6,18.2,4,0,0,52.6,2022-23
376,2022-02-20,14:00,Aston Villa,Newcastle,Away,L,0,1,9,4,21.4,6,0,0,45.7,2022-23
377,2022-02-20,16:30,Chelsea,Crystal Palace,Away,W,1,0,15,7,17.6,3,0,0,58.3,2022-23
378,2022-02-20,16:30,Manchester City,Norwich,Away,W,4,0,20,10,16.0,2,1,1,71.6,2022-23
379,2022-02-20,16:30,Leicester,Watford,Away,W,4,0,18,9,16.3,3,0,0,63.3,2022-23
380,2022-02-20,16:30,Newcastle,West Ham,Away,L,1,1,10,4,20.7,5,0,0,47.4,2022-23
381,2022-02-21,20:00,Tottenham,Wolves,Away,W,2,0,15,7,17.4,2,0,0,53.7,2022-23
382,2022-02-22,19:45,Manchester United,Leeds,Away,W,4,2,17,8,16.8,4,1,1,56.2,2022-23
383,2022-02-26,12:30,Chelsea,Liverpool,Home,L,0,11,6,2,26.3,7,0,0,29.1,2022-23
384,2022-02-26,15:00,Arsenal,Watford,Home,W,1,0,13,6,18.6,3,0,0,58.4,2022-23
385,2022-02-26,17:30,Brighton,Aston Villa,Home,L,0,2,9,4,21.5,5,0,0,46.8,2022-23
386,2022-02-27,14:00,Burnley,Leicester,Home,L,1,2,10,4,20.4,6,0,0,45.9,2022-23
387,2022-02-27,16:30,Crystal Palace,Manchester City,Home,L,0,4,7,2,24.6,4,0,0,32.4,2022-23
388,2022-02-27,16:30,Everton,Manchester United,Home,D,1,1,11,5,19.8,5,0,0,48.2,2022-23
389,2022-02-27,16:30,Newcastle,Brighton,Home,W,2,1,14,7,17.7,3,0,0,53.9,2022-23
390,2022-02-27,16:30,Norwich,Wolves,Home,L,0,3,8,3,22.8,6,0,0,41.7,2022-23
391,2022-02-28,20:00,Southampton,West Ham,Home,L,1,3,9,4,21.2,4,0,0,44.6,2022-23
392,2022-03-01,19:45,Tottenham,Leeds,Home,W,4,0,18,9,16.2,2,1,1,62.8,2022-23
393,2022-03-05,12:30,Manchester United,Tottenham,Home,W,3,2,16,8,17.0,5,0,0,57.4,2022-23
394,2022-03-05,15:00,Liverpool,Chelsea,Away,W,11,0,23,12,14.8,2,2,2,70.9,2022-23
395,2022-03-05,17:30,Watford,Arsenal,Away,L,0,1,8,3,22.4,5,0,0,41.6,2022-23
396,2022-03-06,14:00,Aston Villa,Brighton,Away,W,2,0,14,7,17.5,4,0,0,53.2,2022-23
397,2022-03-06,16:30,Leicester,Burnley,Away,W,2,1,15,7,17.8,2,0,0,54.1,2022-23
398,2022-03-06,16:30,Manchester City,Crystal Palace,Away,W,4,0,20,10,15.9,3,1,1,67.6,2022-23
399,2022-03-06,16:30,Manchester United,Everton,Away,D,1,1,12,5,19.4,4,0,0,51.8,2022-23
400,2022-03-06,16:30,Brighton,Newcastle,Away,L,1,2,10,4,20.6,5,0,0,53.1,2022-23```csv
,date,time,team,opponent,venue,result,gf,ga,sh,sot,dist,fk,pk,pkatt,poss,season
0,2020-09-12,15:00,Arsenal,Fulham,Home,W,3,0,16,8,18.2,4,0,0,62.3,2020-21
1,2020-09-12,17:30,Chelsea,Brighton,Home,W,3,1,18,9,16.8,6,1,1,68.4,2020-21
2,2020-09-13,15:00,Liverpool,Leeds,Home,W,4,3,22,12,15.2,3,0,0,71.8,2020-21
3,2020-09-13,12:30,Manchester City,West Ham,Home,W,2,1,19,10,17.1,5,0,0,73.2,2020-21
4,2020-09-14,20:00,Tottenham,Everton,Home,D,1,1,14,6,19.8,2,0,0,55.6,2020-21
5,2020-09-15,15:00,Manchester United,Crystal Palace,Home,W,1,0,13,7,18.9,4,0,0,58.7,2020-21
6,2020-09-16,15:00,Newcastle,Brighton,Away,L,0,3,8,3,22.4,6,0,0,41.2,2020-21
7,2020-09-17,17:30,Aston Villa,Sheffield United,Home,W,1,0,15,6,17.3,5,0,0,57.9,2020-21
8,2020-09-18,15:00,Leicester,West Bromwich Albion,Home,W,3,0,17,9,16.5,3,0,0,64.1,2020-21
9,2020-09-19,12:30,Wolves,Sheffield United,Away,W,2,0,11,5,20.1,4,0,0,48.7,2020-21
10,2020-09-19,15:00,Southampton,Crystal Palace,Home,D,1,1,12,5,19.6,7,0,0,52.3,2020-21
11,2020-09-20,15:00,Fulham,Arsenal,Away,L,0,3,7,2,24.1,8,0,0,37.7,2020-21
12,2020-09-20,17:30,Brighton,Chelsea,Away,L,1,3,9,4,21.5,5,0,0,31.6,2020-21
13,2020-09-21,20:00,Leeds,Liverpool,Away,L,3,4,15,7,18.7,4,0,0,28.2,2020-21
14,2020-09-22,15:00,West Ham,Manchester City,Away,L,1,2,10,4,20.9,6,0,0,26.8,2020-21
15,2020-09-23,12:30,Everton,Tottenham,Away,D,1,1,11,5,19.2,3,0,0,44.4,2020-21
16,2020-09-24,15:00,Crystal Palace,Manchester United,Away,L,0,1,8,3,23.1,5,0,0,41.3,2020-21
17,2020-09-25,15:00,Brighton,Newcastle,Home,W,3,0,16,8,17.6,4,0,0,58.8,2020-21
18,2020-09-26,17:30,Sheffield United,Aston Villa,Away,L,0,1,9,4,21.7,7,0,0,42.1,2020-21
19,2020-09-27,15:00,West Bromwich Albion,Leicester,Away,L,0,3,6,2,25.3,5,0,0,35.9,2020-21
20,2020-09-28,12:30,Sheffield United,Wolves,Home,L,0,2,8,3,22.6,6,0,0,51.3,2020-21
21,2020-09-29,15:00,Crystal Palace,Southampton,Away,D,1,1,10,4,20.4,4,0,0,47.7,2020-21
22,2020-09-30,15:00,Arsenal,Liverpool,Home,L,1,3,11,5,20.3,3,0,0,45.2,2020-21
23,2020-10-01,17:30,Chelsea,Manchester City,Home,L,1,2,13,6,18.8,5,0,0,52.4,2020-21
24,2020-10-02,20:00,Tottenham,Manchester United,Home,W,6,1,19,11,15.7,2,0,0,61.3,2020-21
25,2020-10-03,15:00,Newcastle,Everton,Home,D,1,1,12,5,19.1,4,0,0,49.6,2020-21
26,2020-10-04,12:30,Aston Villa,Leeds,Home,W,3,0,16,8,17.4,6,1,1,59.7,2020-21
27,2020-10-05,15:00,Leicester,West Ham,Home,W,3,0,17,9,16.9,3,0,0,63.8,2020-21
28,2020-10-06,15:00,Wolves,Fulham,Home,W,1,0,13,6,18.6,5,0,0,56.2,2020-21
29,2020-10-07,17:30,Southampton,Brighton,Home,D,2,2,14,7,18.1,4,0,0,54.8,2020-21
30,2020-10-08,15:00,Liverpool,Arsenal,Away,W,3,1,20,10,16.7,4,0,0,54.8,2020-21
31,2020-10-09,12:30,Manchester City,Chelsea,Away,W,2,1,17,9,17.2,3,0,0,47.6,2020-21
32,2020-10-10,15:00,Manchester United,Tottenham,Away,L,1,6,9,4,21.8,6,0,0,38.7,2020-21
33,2020-10-11,15:00,Everton,Newcastle,Away,D,1,1,12,5,19.4,5,0,0,50.4,2020-21
34,2020-10-12,17:30,Leeds,Aston Villa,Away,L,0,3,8,3,23.1,7,0,0,40.3,2020-21
35,2020-10-13,20:00,West Ham,Leicester,Away,L,0,3,7,2,24.7,4,0,0,36.2,2020-21
36,2020-10-14,15:00,Fulham,Wolves,Away,L,0,1,9,4,21.4,6,0,0,43.8,2020-21
37,2020-10-15,12:30,Brighton,Southampton,Away,D,2,2,11,5,19.7,3,0,0,45.2,2020-21
38,2020-10-16,15:00,Arsenal,Manchester City,Home,L,0,1,10,4,21.2,5,0,0,44.6,2020-21
39,2020-10-17,15:00,Chelsea,Sheffield United,Home,W,4,1,19,10,16.3,4,1,1,69.8,2020-21
40,2020-10-18,17:30,Liverpool,West Ham,Home,W,2,1,16,8,17.9,3,0,0,66.4,2020-21
41,2020-10-19,15:00,Tottenham,Brighton,Home,W,2,1,15,7,18.5,2,0,0,58.9,2020-21
42,2020-10-20,12:30,Manchester United,Newcastle,Home,W,4,1,18,9,16.6,5,0,0,62.7,2020-21
43,2020-10-21,15:00,Everton,Southampton,Home,W,2,0,14,7,17.8,4,0,0,57.3,2020-21
44,2020-10-22,15:00,Aston Villa,Leicester,Home,D,1,1,13,6,18.9,6,0,0,52.8,2020-21
45,2020-10-23,17:30,Leeds,Wolves,Home,D,1,1,12,5,19.3,3,0,0,51.4,2020-21
46,2020-10-24,20:00,West Bromwich Albion,Fulham,Home,W,2,0,13,6,18.2,5,0,0,54.6,2020-21
47,2020-10-25,15:00,Crystal Palace,Burnley,Home,W,1,0,11,5,19.8,4,0,0,53.2,2020-21
48,2020-10-26,12:30,Manchester City,Arsenal,Away,W,1,0,15,7,17.3,2,0,0,55.4,2020-21
49,2020-10-27,15:00,Sheffield United,Chelsea,Away,L,1,4,8,3,22.7,7,0,0,30.2,2020-21
50,2020-10-28,15:00,West Ham,Liverpool,Away,L,1,2,9,4,20.6,5,0,0,33.6,2020-21
51,2020-10-29,17:30,Brighton,Tottenham,Away,L,1,2,10,4,20.1,4,0,0,41.1,2020-21
52,2020-10-30,15:00,Newcastle,Manchester United,Away,L,1,4,7,3,23.4,6,0,0,37.3,2020-21
53,2020-10-31,12:30,Southampton,Everton,Away,L,0,2,8,3,22.9,5,0,0,42.7,2020-21
54,2020-11-01,15:00,Leicester,Aston Villa,Away,D,1,1,12,5,19.6,4,0,0,47.2,2020-21
55,2020-11-02,15:00,Wolves,Leeds,Away,D,1,1,11,5,20.2,6,0,0,48.6,2020-21
56,2020-11-03,17:30,Fulham,West Bromwich Albion,Away,L,0,2,9,4,21.8,3,0,0,45.4,2020-21
57,2020-11-04,20:00,Burnley,Crystal Palace,Away,L,0,1,7,2,24.2,5,0,0,46.8,2020-21
58,2020-11-05,15:00,Arsenal,Tottenham,Home,L,0,2,9,4,21.7,4,0,0,46.3,2020-21
59,2020-11-06,12:30,Chelsea,Everton,Home,W,4,0,18,9,16.8,3,1,1,68.2,2020-21
60,2020-11-07,15:00,Liverpool,Leicester,Home,W,3,0,17,8,17.1,2,0,0,64.9,2020-21
61,2020-11-08,15:00,Manchester City,Southampton,Home,W,1,0,14,7,18.3,4,0,0,61.7,2020-21
62,2020-11-09,17:30,Manchester United,West Ham,Home,W,3,1,16,8,17.6,5,0,0,59.4,2020-21
63,2020-11-10,15:00,Newcastle,Brighton,Home,D,1,1,11,5,19.8,6,0,0,51.2,2020-21
64,2020-11-11,12:30,Aston Villa,Wolves,Home,W,1,0,12,6,18.7,4,0,0,54.8,2020-21
65,2020-11-12,15:00,Leeds,Crystal Palace,Home,W,4,1,17,9,16.9,3,0,0,58.3,2020-21
66,2020-11-13,15:00,West Bromwich Albion,Sheffield United,Home,D,1,1,10,4,20.1,5,0,0,52.6,2020-21
67,2020-11-14,17:30,Fulham,Burnley,Home,D,1,1,11,5,19.4,6,0,0,49.7,2020-21
68,2020-11-15,20:00,Tottenham,Arsenal,Away,W,2,0,13,6,18.9,3,0,0,53.7,2020-21
69,2020-11-16,15:00,Everton,Chelsea,Away,L,0,4,8,3,23.2,4,0,0,31.8,2020-21
70,2020-11-17,12:30,Leicester,Liverpool,Away,L,0,3,9,4,21.9,5,0,0,35.1,2020-21
71,2020-11-18,15:00,Southampton,Manchester City,Away,L,0,1,7,2,25.1,6,0,0,38.3,2020-21
72,2020-11-19,15:00,West Ham,Manchester United,Away,L,1,3,10,4,20.8,4,0,0,40.6,2020-21
73,2020-11-20,17:30,Brighton,Newcastle,Away,D,1,1,12,5,19.2,3,0,0,48.8,2020-21
74,2020-11-21,15:00,Wolves,Aston Villa,Away,L,0,1,8,3,22.3,7,0,0,45.2,2020-21
75,2020-11-22,12:30,Crystal Palace,Leeds,Away,L,1,4,9,4,21.7,5,0,0,41.7,2020-21
76,2020-11-23,15:00,Sheffield United,West Bromwich Albion,Away,D,1,1,10,4,20.6,6,0,0,47.4,2020-21
77,2020-11-24,15:00,Burnley,Fulham,Away,D,1,1,11,5,19.8,4,0,0,50.3,2020-21
78,2020-11-25,17:30,Arsenal,Leeds,Home,W,4,0,18,9,16.4,2,1,1,67.1,2020-21
79,2020-11-26,20:00,Chelsea,Tottenham,Home,L,0,1,11,5,20.2,5,0,0,51.8,2020-21
80,2020-11-27,15:00,Liverpool,Brighton,Home,W,1,1,14,7,18.6,3,0,0,62.4,2020-21
81,2020-11-28,12:30,Manchester City,Burnley,Home,W,5,0,20,11,15.9,4,0,0,74.6,2020-21
82,2020-11-29,15:00,Manchester United,Southampton,Home,W,3,2,17,8,17.3,6,0,0,58.9,2020-21
83,2020-11-30,15:00,Newcastle,Crystal Palace,Home,W,2,0,13,6,18.7,4,0,0,56.1,2020-21
84,2020-12-01,17:30,Everton,Leeds,Home,W,1,0,12,6,18.9,3,0,0,55.7,2020-21
85,2020-12-02,15:00,Aston Villa,West Bromwich Albion,Home,W,3,0,16,8,17.2,5,1,1,61.4,2020-21
86,2020-12-03,12:30,Leicester,Sheffield United,Home,W,2,0,14,7,17.8,2,0,0,58.3,2020-21
87,2020-12-04,15:00,Wolves,Fulham,Home,W,2,1,13,6,18.4,4,0,0,54.9,2020-21
88,2020-12-05,15:00,West Ham,Everton,Home,D,1,1,11,5,19.6,6,0,0,51.3,2020-21
89,2020-12-06,17:30,Leeds,Arsenal,Away,L,0,4,7,2,24.6,5,0,0,32.9,2020-21
90,2020-12-07,20:00,Tottenham,Chelsea,Away,W,1,0,12,5,19.3,4,0,0,48.2,2020-21
91,2020-12-08,15:00,Brighton,Liverpool,Away,D,1,1,9,4,20.8,6,0,0,37.6,2020-21
92,2020-12-09,12:30,Burnley,Manchester City,Away,L,0,5,6,2,26.4,7,0,0,25.4,2020-21
93,2020-12-10,15:00,Southampton,Manchester United,Away,L,2,3,13,6,18.1,3,0,0,41.1,2020-21
94,2020-12-11,15:00,Crystal Palace,Newcastle,Away,L,0,2,8,3,22.9,4,0,0,43.9,2020-21
95,2020-12-12,17:30,Leeds,Everton,Away,L,0,1,9,4,21.4,5,0,0,44.3,2020-21
96,2020-12-13,15:00,West Bromwich Albion,Aston Villa,Away,L,0,3,7,2,24.8,6,0,0,38.6,2020-21
97,2020-12-14,12:30,Sheffield United,Leicester,Away,L,0,2,8,3,23.2,4,0,0,41.7,2020-21
98,2020-12-15,15:00,Fulham,Wolves,Away,L,1,2,10,4,20.7,3,0,0,45.1,2020-21
99,2020-12-16,17:30,Everton,West Ham,Away,D,1,1,11,5,19.5,4,0,0,48.7,2020-21
100,2020-12-17,20:00,Arsenal,Manchester City,Home,L,1,4,9,4,21.8,5,0,0,38.2,2020-21
101,2020-12-18,15:00,Chelsea,West Ham,Home,W,3,0,17,8,17.1,3,0,0,65.7,2020-21
102,2020-12-19,12:30,Liverpool,Tottenham,Home,W,2,1,15,7,18.2,2,0,0,63.8,2020-21
103,2020-12-20,15:00,Manchester United,Leeds,Home,W,6,2,19,10,16.5,4,1,1,61.4,2020-21
104,2020-12-21,15:00,Newcastle,Aston Villa,Home,D,1,1,12,5,19.3,6,0,0,49.7,2020-21
105,2020-12-22,17:30,Southampton,Fulham,Home,W,2,0,14,7,17.9,3,0,0,56.8,2020-21
106,2020-12-23,15:00,Brighton,Sheffield United,Home,W,1,1,13,6,18.6,4,0,0,54.2,2020-21
107,2020-12-24,12:30,Crystal Palace,Leicester,Home,D,1,1,10,4,20.1,5,0,0,47.9,2020-21
108,2020-12-25,15:00,Wolves,Everton,Home,W,2,1,14,7,17.8,5,0,0,53.6,2020-21
109,2020-12-26,15:00,West Bromwich Albion,Arsenal,Home,L,0,4,7,2,24.3,6,0,0,34.8,2020-21
110,2020-12-27,17:30,Burnley,Sheffield United,Home,W,1,0,11,5,19.6,4,0,0,52.4,2020-21
111,2020-12-28,20:00,Manchester City,Chelsea,Home,W,1,1,16,8,17.4,3,0,0,68.7,2020-21
112,2020-12-29,15:00,Tottenham,Liverpool,Away,L,1,2,11,5,20.2,4,0,0,36.2,2020-21
113,2021-01-02,12:30,Leeds,Manchester United,Away,L,2,6,12,6,19.7,3,0,0,38.6,2020-21
114,2021-01-03,15:00,Aston Villa,Newcastle,Away,D,1,1,13,6,18.8,5,0,0,50.3,2020-21
115,2021-01-04,15:00,Fulham,Southampton,Away,L,0,2,8,3,22.6,4,0,0,43.2,2020-21
116,2021-01-05,17:30,Sheffield United,Brighton,Away,D,1,1,9,4,21.4,7,0,0,45.8,2020-21
117,2021-01-06,15:00,Leicester,Crystal Palace,Away,D,1,1,12,5,19.1,2,0,0,52.1,2020-21
118,2021-01-07,12:30,Everton,Wolves,Away,L,1,2,10,4,20.9,6,0,0,46.4,2020-21
119,2021-01-08,15:00,Arsenal,West Bromwich Albion,Away,W,4,0,18,9,16.7,3,1,1,65.2,2020-21
120,2021-01-09,15:00,Sheffield United,Burnley,Away,L,0,1,8,3,23.4,5,0,0,47.6,2020-21
121,2021-01-10,17:30,Chelsea,Manchester City,Away,L,1,1,12,5,19.8,4,0,0,31.3,2020-21
122,2021-01-11,20:00,Liverpool,Burnley,Home,W,2,0,16,8,17.3,2,0,0,65.9,2020-21
123,2021-01-12,15:00,Manchester United,Aston Villa,Home,W,2,1,15,7,18.1,5,0,0,59.3,2020-21
124,2021-01-13,12:30,Tottenham,Fulham,Home,W,1,1,13,6,18.7,3,0,0,56.8,2020-21
125,2021-01-14,15:00,Newcastle,Leicester,Home,L,1,2,11,5,20.1,6,0,0,46.7,2020-21
126,2021-01-15,15:00,Brighton,Crystal Palace,Home,W,2,1,14,7,17.9,4,0,0,55.3,2020-21
127,2021-01-16,17:30,Southampton,Leeds,Home,W,3,0,16,8,17.2,3,1,1,58.4,2020-21
128,2021-01-17,15:00,West Ham,Everton,Home,W,1,0,12,6,18.8,5,0,0,53.7,2020-21
129,2021-01-18,12:30,Wolves,Crystal Palace,Home,W,2,0,14,7,17.6,4,0,0,54.9,2020-21
130,2021-01-19,15:00,Burnley,Liverpool,Away,L,0,2,7,2,24.7,6,0,0,34.1,2020-21
131,2021-01-20,15:00,Aston Villa,Manchester United,Away,L,1,2,10,4,20.6,4,0,0,40.7,2020-21
132,2021-01-21,17:30,Fulham,Tottenham,Away,D,1,1,9,4,21.2,5,0,0,43.2,2020-21
133,2021-01-22,20:00,Leicester,Newcastle,Away,W,2,1,15,7,18.3,2,0,0,53.3,2020-21
134,2021-01-23,15:00,Crystal Palace,Brighton,Away,L,1,2,10,4,20.8,3,0,0,44.7,2020-21
135,2021-01-24,12:30,Leeds,Southampton,Away,L,0,3,8,3,23.1,4,0,0,41.6,2020-21
136,2021-01-25,15:00,Everton,West Ham,Home,W,1,0,11,5,19.4,6,0,0,52.3,2020-21
137,2021-01-26,15:00,Crystal Palace,Wolves,Away,L,0,2,8,3,22.4,5,0,0,45.1,2020-21
138,2021-01-27,17:30,Manchester City,West Bromwich Albion,Home,W,5,0,21,11,15.8,2,1,1,75.2,2020-21
139,2021-01-28,20:00,Chelsea,Wolves,Home,W,2,0,15,7,17.8,4,0,0,63.4,2020-21
140,2021-01-29,15:00,Liverpool,West Ham,Home,W,3,1,17,8,17.1,3,0,0,66.8,2020-21
141,2021-01-30,12:30,Arsenal,Manchester United,Home,L,0,2,9,4,21.7,5,0,0,44.3,2020-21
142,2021-01-31,15:00,Southampton,Newcastle,Home,W,3,2,16,8,17.4,4,1,1,57.9,2020-21
143,2021-02-01,15:00,Sheffield United,Tottenham,Home,L,1,3,8,3,22.8,6,0,0,41.2,2020-21
144,2021-02-02,17:30,Leicester,Leeds,Home,W,3,1,17,8,17.0,2,0,0,62.7,2020-21
145,2021-02-03,15:00,Everton,Brighton,Home,W,1,0,12,6,18.5,5,0,0,54.8,2020-21
146,2021-02-04,12:30,Aston Villa,Arsenal,Home,W,1,0,11,5,19.3,4,0,0,52.6,2020-21
147,2021-02-05,15:00,Fulham,Leicester,Home,L,1,2,10,4,20.3,6,0,0,46.9,2020-21
148,2021-02-06,15:00,West Bromwich Albion,Manchester City,Away,L,0,5,6,2,26.1,7,0,0,24.8,2020-21
149,2021-02-07,17:30,Wolves,Chelsea,Away,L,0,2,9,4,21.6,5,0,0,36.6,2020-21
150,2021-02-08,20:00,West Ham,Liverpool,Away,L,1,3,10,4,20.9,4,0,0,33.2,2020-21
151,2021-02-09,15:00,Manchester United,Arsenal,Away,W,2,0,14,7,17.7,3,0,0,55.7,2020-21
152,2021-02-10,12:30,Newcastle,Southampton,Away,L,2,3,13,6,18.9,5,0,0,42.1,2020-21
153,2021-02-11,15:00,Tottenham,Sheffield United,Away,W,3,1,16,8,17.3,2,0,0,58.8,2020-21
154,2021-02-12,15:00,Leeds,Leicester,Away,L,1,3,9,4,21.0,4,0,0,37.3,2020-21
155,2021-02-13,17:30,Brighton,Everton,Away,L,0,1,8,3,23.2,6,0,0,45.2,2020-21
156,2021-02-14,15:00,Arsenal,Aston Villa,Away,L,0,1,9,4,21.8,3,0,0,47.4,2020-21
157,2021-02-15,12:30,Leicester,Fulham,Away,W,2,1,14,7,18.1,3,0,0,53.1,2020-21
158,2021-02-16,15:00,Manchester City,Everton,Home,W,1,1,15,7,17.9,4,0,0,69.2,2020-21
159,2021-02-17,15:00,Chelsea,Newcastle,Home,W,2,0,16,8,17.5,3,0,0,64.8,2020-21
160,2021-02-18,17:30,Liverpool,Sheffield United,Home,W,2,0,17,8,17.2,2,0,0,67.1,2020-21
161,2021-02-19,20:00,Manchester United,West Bromwich Albion,Home,W,1,1,13,6,18.6,5,0,0,58.4,2020-21
162,2021-02-20,15:00,Tottenham,West Ham,Home,W,2,1,14,7,17.8,3,0,0,57.3,2020-21
163,2021-02-21,12:30,Southampton,Wolves,Home,W,2,1,15,7,18.0,4,0,0,56.2,2020-21
164,2021-02-22,15:00,Brighton,Aston Villa,Home,D,0,0,11,5,19.7,5,0,0,49.8,2020-21
165,2021-02-23,15:00,Leeds,Arsenal,Home,L,0,4,8,3,23.4,4,0,0,36.6,2020-21
166,2021-02-24,17:30,Crystal Palace,Fulham,Home,W,2,1,13,6,18.4,5,0,0,53.9,2020-21
167,2021-02-25,20:00,Burnley,West Ham,Home,D,1,1,10,4,20.2,6,0,0,48.7,2020-21
168,2021-02-26,15:00,Everton,Manchester City,Away,D,1,1,9,4,21.1,5,0,0,30.8,2020-21
169,2021-02-27,12:30,Newcastle,Chelsea,Away,L,0,2,7,2,24.5,6,0,0,35.2,2020-21
170,2021-02-28,15:00,Sheffield United,Liverpool,Away,L,0,2,6,2,25.8,4,0,0,32.9,2020-21
171,2021-03-01,15:00,West Bromwich Albion,Manchester United,Away,D,1,1,9,4,21.6,7,0,0,41.6,2020-21
172,2021-03-02,17:30,West Ham,Tottenham,Away,L,1,2,10,4,20.7,4,0,0,42.7,2020-21
173,2021-03-03,15:00,Wolves,Southampton,Away,L,1,2,11,5,19.9,3,0,0,43.8,2020-21
174,2021-03-04,12:30,Aston Villa,Brighton,Away,W,0,0,12,6,18.9,4,0,0,50.2,2020-21
175,2021-03-05,15:00,Arsenal,Leeds,Away,W,4,0,18,9,16.6,2,1,1,63.4,2020-21
176,2021-03-06,15:00,Fulham,Crystal Palace,Away,L,1,2,9,4,21.6,4,0,0,46.1,2020-21
177,2021-03-07,17:30,West Ham,Burnley,Away,D,1,1,11,5,19.8,3,0,0,51.3,2020-21
178,2021-08-13,17:30,Arsenal,Brentford,Home,L,0,2,9,4,21.8,5,0,0,46.2,2021-22
179,2021-08-14,12:30,Manchester United,Leeds,Home,W,5,1,19,10,16.3,3,1,1,62.7,2021-22
180,2021-08-14,15:00,Burnley,Brighton,Home,D,2,1,13,6,18.4,4,0,0,53.8,2021-22
181,2021-08-14,17:30,Chelsea,Crystal Palace,Home,W,3,0,17,8,17.0,2,0,0,66.5,2021-22
182,2021-08-15,14:00,Everton,Southampton,Home,W,3,1,16,8,17.3,5,0,0,58.9,2021-22
183,2021-08-15,16:30,Leicester,Wolves,Home,W,1,0,12,6,18.7,4,0,0,55.3,2021-22
184,2021-08-15,16:30,Watford,Aston Villa,Home,L,2,3,14,7,17.9,3,0,0,48.6,2021-22
185,2021-08-15,16:30,Norwich,Liverpool,Home,L,0,3,7,2,24.3,6,0,0,32.4,2021-22
186,2021-08-15,16:30,Newcastle,West Ham,Home,L,2,4,13,6,18.2,4,0,0,47.1,2021-22
187,2021-08-15,16:30,Tottenham,Manchester City,Home,L,1,0,11,5,19.6,3,0,0,43.7,2021-22
188,2021-08-16,20:00,Brentford,Arsenal,Away,W,2,0,13,6,18.5,4,0,0,53.8,2021-22
189,2021-08-17,19:45,Leeds,Manchester United,Away,L,1,5,8,3,22.7,5,0,0,37.3,2021-22
190,2021-08-18,19:45,Brighton,Burnley,Away,L,1,2,10,4,20.6,6,0,0,46.2,2021-22
191,2021-08-19,19:45,Crystal Palace,Chelsea,Away,L,0,3,7,2,24.5,4,0,0,33.5,2021-22
192,2021-08-20,19:45,Southampton,Everton,Away,L,1,3,9,4,21.1,3,0,0,41.1,2021-22
193,2021-08-21,12:30,Wolves,Leicester,Away,L,0,1,8,3,22.3,5,0,0,44.7,2021-22
194,2021-08-21,15:00,Aston Villa,Watford,Away,W,3,2,16,8,17.1,4,0,0,51.4,2021-22
195,2021-08-21,17:30,Liverpool,Norwich,Away,W,3,0,18,9,16.7,2,0,0,67.6,2021-22
196,2021-08-22,16:30,West Ham,Newcastle,Away,W,4,2,17,8,17.4,3,1,1,52.9,2021-22
197,2021-08-22,16:30,Manchester City,Tottenham,Away,L,0,1,14,7,18.1,4,0,0,56.3,2021-22
198,2021-08-28,12:30,Arsenal,Manchester City,Home,L,0,5,6,2,25.4,7,0,0,28.9,2021-22
199,2021-08-28,15:00,Chelsea,Liverpool,Home,D,1,1,13,6,18.8,4,0,0,52.7,2021-22